file,ground_truth,extracted_text,word_error_rate,exact_match,elapsed
0000.png,muito,muito,"0,00",True,"0,00"
0001.png,se,se,"0,00",True,"0,00"
0002.png,discute,discute,"0,00",True,"0,00"
0003.png,a,a,"0,00",True,"0,00"
0004.png,importÃ¢ncia,importÃ ncia,"1,00",False,"0,00"
0005.png,da,da,"0,00",True,"0,00"
0006.png,cultura,cultura,"0,00",True,"0,00"
0007.png,de,de,"0,00",True,"0,00"
0008.png,um,um,"0,00",True,"0,00"
0009.png,"paÃ­s,",pÃ is,"1,00",False,"0,00"
0010.png,afinal,afinal,"0,00",True,"0,00"
0011.png,essa,essa,"0,00",True,"0,00"
0012.png,Ã©,e,"1,00",False,"0,00"
0013.png,a,,"1,00",False,"0,00"
0014.png,essÃªncia,essÃ¨ncia,"1,00",False,"0,00"
0015.png,de,ode,"1,00",False,"0,00"
0016.png,cada,cada,"0,00",True,"0,00"
0017.png,um,â›â ğ“¼ğ“®ğ“½ğ“½ğ“²ğ“·ğ“° ğ“ª ğ“¬ğ“¸ğ“¶ğ“¹ğ“¶ğ“ªğ“·ğ”‚ ğ“½ğ“ªğ“·ğ“°ğ“®ğ“·ğ“½ ğ“²ğ“­ğ“®ğ“ªğ“¬ğ“½ğ“²ğ“·ğ“° ğ“£ğ“±ğ“®ğ“¸ğ“»ğ”‚ â â,"8,00",False,"0,00"
0018.png,deles.,deles.,"0,00",True,"0,00"
0019.png,a,a,"0,00",True,"0,00"
0020.png,democratizaÃ§Ã£o,democratizaÃ§Ã£o,"0,00",True,"0,00"
0021.png,da,da,"0,00",True,"0,00"
0022.png,cultura,cultura,"0,00",True,"0,00"
0023.png,de,de,"0,00",True,"0,00"
0024.png,uma,um d,"2,00",False,"0,00"
0025.png,naÃ§Ã£o,naÃ§Ã£o,"0,00",True,"0,00"
0026.png,Ã©,e,"1,00",False,"0,00"
0027.png,oque,oque,"0,00",True,"0,00"
0028.png,os,os,"0,00",True,"0,00"
0029.png,torna,torna,"0,00",True,"0,00"
0030.png,"Ãºnico,","Ãºnico,","0,00",True,"0,00"
0031.png,e,e,"0,00",True,"0,00"
0032.png,atrativo,atrativo,"0,00",True,"0,00"
0033.png,para,para,"0,00",True,"0,00"
0034.png,turistas.,turistas.,"0,00",True,"0,00"
0035.png,igualar,iguaran,"1,00",False,"0,00"
0036.png,culturas,culturas,"0,00",True,"0,00"
0037.png,em,e.m,"1,00",False,"0,00"
0038.png,um,um,"0,00",True,"0,00"
0039.png,paÃ­s,pais,"1,00",False,"0,00"
0040.png,tÃ£o,tÄo,"1,00",False,"0,00"
0041.png,"missigenado,",missigenado,"1,00",False,"0,00"
0042.png,deveria,deveria.,"1,00",False,"0,00"
0043.png,ser,ser,"0,00",True,"0,00"
0044.png,uma,um d,"2,00",False,"0,00"
0045.png,tarefa,tare fa,"2,00",False,"0,00"
0046.png,simples,simples,"0,00",True,"0,00"
0047.png,jÃ¡,a',"1,00",False,"0,00"
0048.png,que,que,"0,00",True,"0,00"
0049.png,convivemos,convivemos,"0,00",True,"0,00"
0050.png,com,com,"0,00",True,"0,00"
0051.png,tantas,tantas,"0,00",True,"0,00"
0052.png,pessoas,pessoas,"0,00",True,"0,00"
0053.png,diferentes,diferentes,"0,00",True,"0,00"
0054.png,em,e ro,"2,00",False,"0,00"
0055.png,nossa,nossa,"0,00",True,"0,00"
0056.png,sociedade.,sociedade.,"0,00",True,"0,00"
0057.png,mesmo,mesmo,"0,00",True,"0,00"
0058.png,com,c.com,"1,00",False,"0,00"
0059.png,os,los,"1,00",False,"0,00"
0060.png,avan-,avant,"1,00",False,"0,00"
0061.png,Ã§os,gos,"1,00",False,"0,00"
0062.png,nos,nos,"0,00",True,"0,00"
0063.png,"direitos,",direitos,"1,00",False,"0,00"
0064.png,existem,existem,"0,00",True,"0,00"
0065.png,muitos,muitos,"0,00",True,"0,00"
0066.png,casos,casos,"0,00",True,"0,00"
0067.png,de,de,"0,00",True,"0,00"
0068.png,"desrespeito,","desrespeito,","0,00",True,"0,00"
0069.png,in-,is =,"2,00",False,"0,00"
0070.png,toleranÃ§a,toleranÃ§a,"0,00",True,"0,00"
0071.png,e,e,"0,00",True,"0,00"
0072.png,discriminaÃ§Ã£o,discriminaÃ§Ã£o,"0,00",True,"0,00"
0073.png,com,com,"0,00",True,"0,00"
0074.png,participantes,participantes,"0,00",True,"0,00"
0075.png,de,de,"0,00",True,"0,00"
0076.png,determi-,determi-,"0,00",True,"0,00"
0077.png,nadas,nadas,"0,00",True,"0,00"
0078.png,culturas.,cultur as.,"2,00",False,"0,00"
0079.png,hÃ¡,hÃ ,"1,00",False,"0,00"
0080.png,preconceito,preconceito,"0,00",True,"0,00"
0081.png,em,com,"1,00",False,"0,00"
0082.png,todos,"todos,","1,00",False,"0,00"
0083.png,os,os,"0,00",True,"0,00"
0084.png,tipos,tipos,"0,00",True,"0,00"
0085.png,de,de,"0,00",True,"0,00"
0086.png,manifestaÃ§Ãµes,manifestacoes,"1,00",False,"0,00"
0087.png,cultu-,cultu,"1,00",False,"0,00"
0088.png,"rais,",raist,"1,00",False,"0,00"
0089.png,tendo,tendo,"0,00",True,"0,00"
0090.png,foco,faco,"1,00",False,"0,00"
0091.png,nas,nas,"0,00",True,"0,00"
0092.png,mais,mÃ is,"1,00",False,"0,00"
0093.png,diferentes,diferentes,"0,00",True,"0,00"
0094.png,do,da,"1,00",False,"0,00"
0095.png,padrÃ£o,padrÃ£o,"0,00",True,"0,00"
0096.png,criado,criado,"0,00",True,"0,00"
0097.png,pela,pela,"0,00",True,"0,00"
0098.png,"populaÃ§Ã£o,",populaÃ§Ã£o,"1,00",False,"0,00"
0099.png,principalmente,principalmente,"0,00",True,"0,00"
0100.png,as,as,"0,00",True,"0,00"
0101.png,que,que,"0,00",True,"0,00"
0102.png,envolve,enudlue,"1,00",False,"0,00"
0103.png,povos,paulos,"1,00",False,"0,00"
0104.png,negros,ne gros,"2,00",False,"0,00"
0105.png,que,que,"0,00",True,"0,00"
0106.png,permanecem,perma ne cem,"3,00",False,"0,00"
0107.png,com,com,"0,00",True,"0,00"
0108.png,suas,suas,"0,00",True,"0,00"
0109.png,tradiÃ§Ãµes,tradiÃ§Ãµes,"0,00",True,"0,00"
0110.png,trazidas,trazidas,"0,00",True,"0,00"
0111.png,de,de,"0,00",True,"0,00"
0112.png,seu,seu,"0,00",True,"0,00"
0113.png,paÃ­ses.,paises,"1,00",False,"0,00"
0114.png,o,o,"0,00",True,"0,00"
0115.png,ensino,ensino,"0,00",True,"0,00"
0116.png,da,da,"0,00",True,"0,00"
0117.png,pluralidade,plurÃ ridÃ de,"1,00",False,"0,00"
0118.png,e,e,"0,00",True,"0,00"
0119.png,diversidade,diversidade,"0,00",True,"0,00"
0120.png,do,do,"0,00",True,"0,00"
0121.png,lu-,wu.,"1,00",False,"0,00"
0122.png,gar,gar,"0,00",True,"0,00"
0123.png,onde,ondele,"1,00",False,"0,00"
0124.png,vivemos,vivemos,"0,00",True,"0,00"
0125.png,deve,deue,"1,00",False,"0,00"
0126.png,ser,ser,"0,00",True,"0,00"
0127.png,implantado,implantado,"0,00",True,"0,00"
0128.png,nas,nas,"0,00",True,"0,00"
0129.png,ins-,ions,"1,00",False,"0,00"
0130.png,tituiÃ§Ãµes,tituicaÃ§Ãµes,"1,00",False,"0,00"
0131.png,de,de,"0,00",True,"0,00"
0132.png,ensino,en sin,"2,00",False,"0,00"
0133.png,de,de,"0,00",True,"0,00"
0134.png,nosso,posso,"1,00",False,"0,00"
0135.png,"paÃ­s,",pais,"1,00",False,"0,00"
0136.png,para,para,"0,00",True,"0,00"
0137.png,apren-,aprent,"1,00",False,"0,00"
0138.png,dermos,dermos,"0,00",True,"0,00"
0139.png,desde,desde,"0,00",True,"0,00"
0140.png,cedo,cedo,"0,00",True,"0,00"
0141.png,a,,"1,00",False,"0,00"
0142.png,valorizar,valorizar,"0,00",True,"0,00"
0143.png,e,e,"0,00",True,"0,00"
0144.png,enaltecer,enalterer,"1,00",False,"0,00"
0145.png,a,,"1,00",False,"0,00"
0146.png,nossa,nossa,"0,00",True,"0,00"
0147.png,cultura.,cultura.,"0,00",True,"0,00"
0148.png,tendo,tendo,"0,00",True,"0,00"
0149.png,em,em.,"1,00",False,"0,00"
0150.png,vista,vista,"0,00",True,"0,00"
0151.png,as,..as,"1,00",False,"0,00"
0152.png,falhas,falhas,"0,00",True,"0,00"
0153.png,"governamentais,",governmen tais,"2,00",False,"0,00"
0154.png,Ã©,Ù…,"1,00",False,"0,00"
0155.png,dever,dever,"0,00",True,"0,00"
0156.png,do,do,"0,00",True,"0,00"
0157.png,estado,estado,"0,00",True,"0,00"
0158.png,por,por,"0,00",True,"0,00"
0159.png,meio,meio,"0,00",True,"0,00"
0160.png,da,da,"0,00",True,"0,00"
0161.png,lei,lei,"0,00",True,"0,00"
0162.png,rouanet,rouanet,"0,00",True,"0,00"
0163.png,(lei,(lei),"1,00",False,"0,00"
0164.png,federal,federal,"0,00",True,"0,00"
0165.png,de,de,"0,00",True,"0,00"
0166.png,in-,l,"1,00",False,"0,00"
0167.png,centivo,centi,"1,00",False,"0,00"
0168.png,Ã ,a,"1,00",False,"0,00"
0169.png,cultura,cultura,"0,00",True,"0,00"
0170.png,nÂº,nÂ°,"1,00",False,"0,00"
0171.png,8.313),8.313),"0,00",True,"0,00"
0172.png,incentivar,incentivar,"0,00",True,"0,00"
0173.png,a,6,"1,00",False,"0,00"
0174.png,valoriza-,valoriza-,"0,00",True,"0,00"
0175.png,Ã§Ã£o,cÃ£o,"1,00",False,"0,00"
0176.png,das,olas,"1,00",False,"0,00"
0177.png,manifestaÃ§Ãµes,manifestacÌ§oÌƒes,"1,00",False,"0,00"
0178.png,"culturais,","culturais,","0,00",True,"0,00"
0179.png,garantindo,garantindo,"0,00",True,"0,00"
0180.png,a,,"1,00",False,"0,00"
0181.png,todos,todos,"0,00",True,"0,00"
0182.png,a,d,"1,00",False,"0,00"
0183.png,plena,splend,"1,00",False,"0,00"
0184.png,liberdade,liberdade,"0,00",True,"0,00"
0185.png,de,de,"0,00",True,"0,00"
0186.png,expressar,expressan,"1,00",False,"0,00"
0187.png,suas,sud,"1,00",False,"0,00"
0188.png,culturas,culturas',"1,00",False,"0,00"
0189.png,e,,"1,00",False,"0,00"
0190.png,costumes.,costumes.,"0,00",True,"0,00"
